[{"ops":[{"insert":"{\n  \"12\": {\n    \"bpd\": [21.9, 19.0, 24.8],\n    \"hc\": [78.8, 69.3, 88.3],\n    \"ac\": [63.4, 53.4, 73.4],\n    \"fl\": [8.6, 5.9, 11.3],\n    \"efw\": [58, 45, 71]\n  },\n  \"13\": {\n    \"bpd\": [25.2, 22.3, 28.1],\n    \"hc\": [91.3, 81.8, 100.8],\n    \"ac\": [74.1, 64.1, 84.1],\n    \"fl\": [11.2, 8.5, 13.9],\n    \"efw\": [81, 65, 97]\n  },\n  \"14\": {\n    \"bpd\": [28.5, 25.6, 31.4],\n    \"hc\": [103.8, 94.3, 113.3],\n    \"ac\": [84.8, 74.8, 94.8],\n    \"fl\": [13.8, 11.1, 16.5],\n    \"efw\": [110, 90, 130]\n  },\n  \"15\": {\n    \"bpd\": [31.8, 28.9, 34.7],\n    \"hc\": [116.3, 106.8, 125.8],\n    \"ac\": [95.5, 85.5, 105.5],\n    \"fl\": [16.4, 13.7, 19.1],\n    \"efw\": [145, 120, 170]\n  },\n  \"16\": {\n    \"bpd\": [35.1, 32.2, 38.0],\n    \"hc\": [128.8, 119.3, 138.3],\n    \"ac\": [106.2, 96.2, 116.2],\n    \"fl\": [19.0, 16.3, 21.7],\n    \"efw\": [185, 155, 215]\n  },\n  \"17\": {\n    \"bpd\": [38.4, 35.5, 41.3],\n    \"hc\": [141.3, 131.8, 150.8],\n    \"ac\": [116.9, 106.9, 126.9],\n    \"fl\": [21.6, 18.9, 24.3],\n    \"efw\": [230, 195, 265]\n  },\n  \"18\": {\n    \"bpd\": [41.7, 38.8, 44.6],\n    \"hc\": [153.8, 144.3, 163.3],\n    \"ac\": [127.6, 117.6, 137.6],\n    \"fl\": [24.2, 21.5, 26.9],\n    \"efw\": [280, 240, 320]\n  },\n  \"19\": {\n    \"bpd\": [45.0, 42.1, 47.9],\n    \"hc\": [166.3, 156.8, 175.8],\n    \"ac\": [138.3, 128.3, 148.3],\n    \"fl\": [26.8, 24.1, 29.5],\n    \"efw\": [335, 290, 380]\n  },\n  \"20\": {\n    \"bpd\": [48.3, 45.4, 51.2],\n    \"hc\": [178.8, 169.3, 188.3],\n    \"ac\": [149.0, 139.0, 159.0],\n    \"fl\": [29.4, 26.7, 32.1],\n    \"efw\": [395, 345, 445]\n  },\n  \"21\": {\n    \"bpd\": [51.6, 48.7, 54.5],\n    \"hc\": [191.3, 181.8, 200.8],\n    \"ac\": [159.7, 149.7, 169.7],\n    \"fl\": [32.0, 29.3, 34.7],\n    \"efw\": [460, 405, 515]\n  },\n  \"22\": {\n    \"bpd\": [54.9, 52.0, 57.8],\n    \"hc\": [203.8, 194.3, 213.3],\n    \"ac\": [170.4, 160.4, 180.4],\n    \"fl\": [34.6, 31.9, 37.3],\n    \"efw\": [530, 470, 590]\n  },\n  \"23\": {\n    \"bpd\": [58.2, 55.3, 61.1],\n    \"hc\": [216.3, 206.8, 225.8],\n    \"ac\": [181.1, 171.1, 191.1],\n    \"fl\": [37.2, 34.5, 39.9],\n    \"efw\": [605, 540, 670]\n  },\n  \"24\": {\n    \"bpd\": [61.5, 58.6, 64.4],\n    \"hc\": [228.8, 219.3, 238.3],\n    \"ac\": [191.8, 181.8, 201.8],\n    \"fl\": [39.8, 37.1, 42.5],\n    \"efw\": [685, 615, 755]\n  },\n  \"25\": {\n    \"bpd\": [64.8, 61.9, 67.7],\n    \"hc\": [241.3, 231.8, 250.8],\n    \"ac\": [202.5, 192.5, 212.5],\n    \"fl\": [42.4, 39.7, 45.1],\n    \"efw\": [770, 695, 845]\n  },\n  \"26\": {\n    \"bpd\": [68.1, 65.2, 71.0],\n    \"hc\": [253.8, 244.3, 263.3],\n    \"ac\": [213.2, 203.2, 223.2],\n    \"fl\": [45.0, 42.3, 47.7],\n    \"efw\": [860, 780, 940]\n  },\n  \"27\": {\n    \"bpd\": [71.4, 68.5, 74.3],\n    \"hc\": [266.3, 256.8, 275.8],\n    \"ac\": [223.9, 213.9, 233.9],\n    \"fl\": [47.6, 44.9, 50.3],\n    \"efw\": [955, 870, 1040]\n  },\n  \"28\": {\n    \"bpd\": [74.7, 71.8, 77.6],\n    \"hc\": [278.8, 269.3, 288.3],\n    \"ac\": [234.6, 224.6, 244.6],\n    \"fl\": [50.2, 47.5, 52.9],\n    \"efw\": [1055, 965, 1145]\n  },\n  \"29\": {\n    \"bpd\": [78.0, 75.1, 80.9],\n    \"hc\": [291.3, 281.8, 300.8],\n    \"ac\": [245.3, 235.3, 255.3],\n    \"fl\": [52.8, 50.1, 55.5],\n    \"efw\": [1160, 1065, 1255]\n  },\n  \"30\": {\n    \"bpd\": [81.3, 78.4, 84.2],\n    \"hc\": [303.8, 294.3, 313.3],\n    \"ac\": [256.0, 246.0, 266.0],\n    \"fl\": [55.4, 52.7, 58.1],\n    \"efw\": [1270, 1170, 1370]\n  },\n  \"31\": {\n    \"bpd\": [84.6, 81.7, 87.5],\n    \"hc\": [316.3, 306.8, 325.8],\n    \"ac\": [266.7, 256.7, 276.7],\n    \"fl\": [58.0, 55.3, 60.7],\n    \"efw\": [1385, 1280, 1490]\n  },\n  \"32\": {\n    \"bpd\": [87.9, 85.0, 90.8],\n    \"hc\": [328.8, 319.3, 338.3],\n    \"ac\": [277.4, 267.4, 287.4],\n    \"fl\": [60.6, 57.9, 63.3],\n    \"efw\": [1505, 1395, 1615]\n  },\n  \"33\": {\n    \"bpd\": [91.2, 88.3, 94.1],\n    \"hc\": [341.3, 331.8, 350.8],\n    \"ac\": [288.1, 278.1, 298.1],\n    \"fl\": [63.2, 60.5, 65.9],\n    \"efw\": [1630, 1515, 1745]\n  },\n  \"34\": {\n    \"bpd\": [94.5, 91.6, 97.4],\n    \"hc\": [353.8, 344.3, 363.3],\n    \"ac\": [298.8, 288.8, 308.8],\n    \"fl\": [65.8, 63.1, 68.5],\n    \"efw\": [1760, 1640, 1880]\n  },\n  \"35\": {\n    \"bpd\": [97.8, 94.9, 100.7],\n    \"hc\": [366.3, 356.8, 375.8],\n    \"ac\": [309.5, 299.5, 319.5],\n    \"fl\": [68.4, 65.7, 71.1],\n    \"efw\": [1895, 1770, 2020]\n  },\n  \"36\": {\n    \"bpd\": [101.1, 98.2, 104.0],\n    \"hc\": [378.8, 369.3, 388.3],\n    \"ac\": [320.2, 310.2, 330.2],\n    \"fl\": [71.0, 68.3, 73.7],\n    \"efw\": [2035, 1905, 2165]\n  },\n  \"37\": {\n    \"bpd\": [104.4, 101.5, 107.3],\n    \"hc\": [391.3, 381.8, 400.8],\n    \"ac\": [330.9, 320.9, 340.9],\n    \"fl\": [73.6, 70.9, 76.3],\n    \"efw\": [2180, 2045, 2315]\n  },\n  \"38\": {\n    \"bpd\": [107.7, 104.8, 110.6],\n    \"hc\": [403.8, 394.3, 413.3],\n    \"ac\": [341.6, 331.6, 351.6],\n    \"fl\": [76.2, 73.5, 78.9],\n    \"efw\": [2330, 2190, 2470]\n  },\n  \"39\": {\n    \"bpd\": [111.0, 108.1, 113.9],\n    \"hc\": [416.3, 406.8, 425.8],\n    \"ac\": [352.3, 342.3, 362.3],\n    \"fl\": [78.8, 76.1, 81.5],\n    \"efw\": [2485, 2340, 2630]\n  },\n  \"40\": {\n    \"bpd\": [114.3, 111.4, 117.2],\n    \"hc\": [428.8, 419.3, 438.3],\n    \"ac\": [363.0, 353.0, 373.0],\n    \"fl\": [81.4, 78.7, 84.1],\n    \"efw\": [2645, 2495, 2795]\n  }\n}\n"}],"crc32":4057285260,"timestamp":1742572713,"tsString":"2025-03-21 18:47:34.0 +00:00:00","version":1}]