{
  "12": {
    "bpd": [21.9, 19.0, 24.8],
    "hc": [78.8, 69.3, 88.3],
    "ac": [63.4, 53.4, 73.4],
    "fl": [8.6, 5.9, 11.3],
    "efw": [58, 45, 71]
  },
  "13": {
    "bpd": [25.2, 22.3, 28.1],
    "hc": [91.3, 81.8, 100.8],
    "ac": [74.1, 64.1, 84.1],
    "fl": [11.2, 8.5, 13.9],
    "efw": [81, 65, 97]
  },
  "14": {
    "bpd": [28.5, 25.6, 31.4],
    "hc": [103.8, 94.3, 113.3],
    "ac": [84.8, 74.8, 94.8],
    "fl": [13.8, 11.1, 16.5],
    "efw": [110, 90, 130]
  },
  "15": {
    "bpd": [31.8, 28.9, 34.7],
    "hc": [116.3, 106.8, 125.8],
    "ac": [95.5, 85.5, 105.5],
    "fl": [16.4, 13.7, 19.1],
    "efw": [145, 120, 170]
  },
  "16": {
    "bpd": [35.1, 32.2, 38.0],
    "hc": [128.8, 119.3, 138.3],
    "ac": [106.2, 96.2, 116.2],
    "fl": [19.0, 16.3, 21.7],
    "efw": [185, 155, 215]
  },
  "17": {
    "bpd": [38.4, 35.5, 41.3],
    "hc": [141.3, 131.8, 150.8],
    "ac": [116.9, 106.9, 126.9],
    "fl": [21.6, 18.9, 24.3],
    "efw": [230, 195, 265]
  },
  "18": {
    "bpd": [41.7, 38.8, 44.6],
    "hc": [153.8, 144.3, 163.3],
    "ac": [127.6, 117.6, 137.6],
    "fl": [24.2, 21.5, 26.9],
    "efw": [280, 240, 320]
  },
  "19": {
    "bpd": [45.0, 42.1, 47.9],
    "hc": [166.3, 156.8, 175.8],
    "ac": [138.3, 128.3, 148.3],
    "fl": [26.8, 24.1, 29.5],
    "efw": [335, 290, 380]
  },
  "20": {
    "bpd": [48.3, 45.4, 51.2],
    "hc": [178.8, 169.3, 188.3],
    "ac": [149.0, 139.0, 159.0],
    "fl": [29.4, 26.7, 32.1],
    "efw": [395, 345, 445]
  },
  "21": {
    "bpd": [51.6, 48.7, 54.5],
    "hc": [191.3, 181.8, 200.8],
    "ac": [159.7, 149.7, 169.7],
    "fl": [32.0, 29.3, 34.7],
    "efw": [460, 405, 515]
  },
  "22": {
    "bpd": [54.9, 52.0, 57.8],
    "hc": [203.8, 194.3, 213.3],
    "ac": [170.4, 160.4, 180.4],
    "fl": [34.6, 31.9, 37.3],
    "efw": [530, 470, 590]
  },
  "23": {
    "bpd": [58.2, 55.3, 61.1],
    "hc": [216.3, 206.8, 225.8],
    "ac": [181.1, 171.1, 191.1],
    "fl": [37.2, 34.5, 39.9],
    "efw": [605, 540, 670]
  },
  "24": {
    "bpd": [61.5, 58.6, 64.4],
    "hc": [228.8, 219.3, 238.3],
    "ac": [191.8, 181.8, 201.8],
    "fl": [39.8, 37.1, 42.5],
    "efw": [685, 615, 755]
  },
  "25": {
    "bpd": [64.8, 61.9, 67.7],
    "hc": [241.3, 231.8, 250.8],
    "ac": [202.5, 192.5, 212.5],
    "fl": [42.4, 39.7, 45.1],
    "efw": [770, 695, 845]
  },
  "26": {
    "bpd": [68.1, 65.2, 71.0],
    "hc": [253.8, 244.3, 263.3],
    "ac": [213.2, 203.2, 223.2],
    "fl": [45.0, 42.3, 47.7],
    "efw": [860, 780, 940]
  },
  "27": {
    "bpd": [71.4, 68.5, 74.3],
    "hc": [266.3, 256.8, 275.8],
    "ac": [223.9, 213.9, 233.9],
    "fl": [47.6, 44.9, 50.3],
    "efw": [955, 870, 1040]
  },
  "28": {
    "bpd": [74.7, 71.8, 77.6],
    "hc": [278.8, 269.3, 288.3],
    "ac": [234.6, 224.6, 244.6],
    "fl": [50.2, 47.5, 52.9],
    "efw": [1055, 965, 1145]
  },
  "29": {
    "bpd": [78.0, 75.1, 80.9],
    "hc": [291.3, 281.8, 300.8],
    "ac": [245.3, 235.3, 255.3],
    "fl": [52.8, 50.1, 55.5],
    "efw": [1160, 1065, 1255]
  },
  "30": {
    "bpd": [81.3, 78.4, 84.2],
    "hc": [303.8, 294.3, 313.3],
    "ac": [256.0, 246.0, 266.0],
    "fl": [55.4, 52.7, 58.1],
    "efw": [1270, 1170, 1370]
  },
  "31": {
    "bpd": [84.6, 81.7, 87.5],
    "hc": [316.3, 306.8, 325.8],
    "ac": [266.7, 256.7, 276.7],
    "fl": [58.0, 55.3, 60.7],
    "efw": [1385, 1280, 1490]
  },
  "32": {
    "bpd": [87.9, 85.0, 90.8],
    "hc": [328.8, 319.3, 338.3],
    "ac": [277.4, 267.4, 287.4],
    "fl": [60.6, 57.9, 63.3],
    "efw": [1505, 1395, 1615]
  },
  "33": {
    "bpd": [91.2, 88.3, 94.1],
    "hc": [341.3, 331.8, 350.8],
    "ac": [288.1, 278.1, 298.1],
    "fl": [63.2, 60.5, 65.9],
    "efw": [1630, 1515, 1745]
  },
  "34": {
    "bpd": [94.5, 91.6, 97.4],
    "hc": [353.8, 344.3, 363.3],
    "ac": [298.8, 288.8, 308.8],
    "fl": [65.8, 63.1, 68.5],
    "efw": [1760, 1640, 1880]
  },
  "35": {
    "bpd": [97.8, 94.9, 100.7],
    "hc": [366.3, 356.8, 375.8],
    "ac": [309.5, 299.5, 319.5],
    "fl": [68.4, 65.7, 71.1],
    "efw": [1895, 1770, 2020]
  },
  "36": {
    "bpd": [101.1, 98.2, 104.0],
    "hc": [378.8, 369.3, 388.3],
    "ac": [320.2, 310.2, 330.2],
    "fl": [71.0, 68.3, 73.7],
    "efw": [2035, 1905, 2165]
  },
  "37": {
    "bpd": [104.4, 101.5, 107.3],
    "hc": [391.3, 381.8, 400.8],
    "ac": [330.9, 320.9, 340.9],
    "fl": [73.6, 70.9, 76.3],
    "efw": [2180, 2045, 2315]
  },
  "38": {
    "bpd": [107.7, 104.8, 110.6],
    "hc": [403.8, 394.3, 413.3],
    "ac": [341.6, 331.6, 351.6],
    "fl": [76.2, 73.5, 78.9],
    "efw": [2330, 2190, 2470]
  },
  "39": {
    "bpd": [111.0, 108.1, 113.9],
    "hc": [416.3, 406.8, 425.8],
    "ac": [352.3, 342.3, 362.3],
    "fl": [78.8, 76.1, 81.5],
    "efw": [2485, 2340, 2630]
  },
  "40": {
    "bpd": [114.3, 111.4, 117.2],
    "hc": [428.8, 419.3, 438.3],
    "ac": [363.0, 353.0, 373.0],
    "fl": [81.4, 78.7, 84.1],
    "efw": [2645, 2495, 2795]
  }
}
